surname,firstName,secondName
,,
姓,男名,女名
赵,邑,斌
钱,乾,莹
孙,绯,妍
李,擎汉,鸣凤
周,豪英,不二
吴,剑愁,茗
郑,一笑,颖
王,逊,嫣
冯,蹇,无颜
陈,涔,千愁
褚,酬海,摇伽
卫,成败,敏
蒋,冥幽,盈
沈,天问,芫
韩,紊,莫言
杨,剑,稚晴
朱,臻,菲鹰
秦,复天,莆
尤,忘幽,樱
许,士萧,凤
何,山河,无色
吕,凡,英姑
施,鞯,冰颜
张,珩,姝
孔,严青,荧
曹,成危,珠
严,中道,亚男
华,仇天,若颜
金,嵩,无心
魏,达,涟妖
陶,鹤,彤
姜,不斜,萤
戚,成风,洙
谢,道天,素阴
邹,一斩,飞飞
喻,豪,藏鸟
柏,烙,虔纹
水,鞅,桐
窦,不可,莺
章,成仁,竺
云,道消,若男
苏,不二,妙芹
潘,裘,若冰
葛,冥,若魔
奚,霸,芝
范,不正,瑛
彭,无施,萝
郎,道罡,灭男
鲁,无剑,珊珊
韦,匪,嫣娆
昌,惮,绾绾
马,寇,芷
苗,无声,璎
凤,不斜,翠
花,不凡,高丽
方,断天,如雪
俞,戾,唯雪
任,雍,艳血
袁,博,姿
柳,百招,芙
酆,靖仇,萃
鲍,不尤,妖丽
史,远侵,雪一
唐,瑛,菲音
费,鑫,绝音
廉,匕,茈
岑,千万,芾
薛,若风,柔
雷,千筹,三颜
贺,一刀,茗茗
倪,铭,如冰
汤,靖,血茗
滕,弼,涫
殷,随阴,湘
罗,若剑,沁
毕,断秋,代男
郝,碧空,荧荧
邬,霆,如娆
安,紊,凤妖
常,碧,秀
乐,一手,襄
于,若之,芹
时,断缘,踏歌
傅,仇血,赛凤
皮,驳,如音
卞,钧,若血
齐,捕,蓉
康,三毒,香
伍,亿先,衫
余,道之,芙蓉
元,万声,柏柳
卜,疾,一曲
顾,隶,雪冥
孟,败,青
平,三德,玲
黄,人达,珊
和,剑心,雁开
穆,万天,艳一
萧,威,灵煌
尹,沅,冰姬
姚,悲,卿
邵,一德,灵
湛,人英,琳
汪,剑成,东蒽
祁,送终,宝川
毛,祥,宫苴
禹,翎,绝音
狄,羿,清
米,老九,绫
贝,人杰,莛
明,剑封,沉鱼
臧,绝山,宝莹
计,誉,涔雨
伏,戎,邪欢
成,储,惠
戴,老五,翎
谈,人雄,葶
宋,万言,落雁
茅,绝义,不弱
庞,枫,太君
熊,擎,老姆
纪,靳,荟
舒,老四,丝
屈,元龙,芮
项,绝悟,凡英
祝,沧海,不惜
董,凛,莫茗
梁,荆,黎云
杜,汲,筝
阮,十三,姒
蓝,成威,赛君
闵,绝施,可仁
席,万仇,莫英
季,涛,凤凰
麻,丑,真
强,邴,苠
贾,如豹,闭月
路,成协,可兰
娄,乘风,朝雪
危,万怨,一寡
江,卿,贞
童,坤,绮
颜,糜,羞花
郭,连虎,可燕
梅,不评,老太
盛,乘云,颜演
林,万恶,珍
刁,豁,淇
钟,耷,不愁
徐,松,可愁
邱,似狮,茹嫣
骆,老三,幻然
高,世开,宛
夏,恶天,荠
蔡,焱,盛男
田,磬,可冥
樊,井,丹妗
胡,大楚,幻悲
凌,广山,娩
霍,剑鬼,琦
虞,灭龙,青荷
万,虔,梨愁
支,函,缘郡
柯,富,幻雪
咎,定帮,莞
管,不言,衣
卢,远锋,清涟
莫,剑身,不悔
经,契,冥茗
房,翰,幻嫣
裘,乌,菀
缪,伟帮,沂
干,追命,一兰
解,远望,不乐
应,无敌,溪灵
宗,罡,葵阴
宣,遥,素
丁,焦,苡
贲,大有,如花
邓,难敌,起眸
郁,远山,惋清
单,半鬼,灭绝
杭,鸿,愫
洪,萧,怡
包,奎,聋五
诸,高烽,惋庭
左,难破,太英
石,广缘,夜阑
崔,行天,涑
吉,胜,悒
钮,嚣,绣连
龚,稀,香芦
程,自中,太清
嵇,难摧,藏今
邢,天与,兰
滑,浩天,芳
裴,鹰,金连
陆,骁,飞凤
荣,班,善斓
翁,天川,幻姬
荀,难胜,澜
羊,天抒,芸
於,天寿,大凄
惠,卿,无春
甄,鲂,善愁
魏,仰,茹妖
加,大开,蓝
封,德地,笙
芮,天奇,傻姑
羿,无血,紫烟
储,城,善若
靳,剑,香魔
汲,伊,斓
邴,傀儡,忻
糜,德天,蛟凤
松,半仙,双双
井,聋五,嫣然
段,康,魂幽
富,筮,纹
巫,栾,芯
乌,羊青,莹芝
焦,世平,汝燕
巴,一鸣,阑悦
弓,如花,藏花
牧,阁,雯
隗,勒,紫
山,厉,中蓝
谷,牛青,玉兰
车,世德,阑香
侯,文龙,妖妖
宓,三问,若
蓬,穆,茈
全,炳,太兰
郗,戎,婷冉
班,开山,岂愈
仰,世立,一凤
秋,元正,弱
仲,非笑,芷
伊,扬,寡妇
宫,斩,秋尽
宁,天德,紫伊
仇,中恶,芸遥
栾,浩阑,萍
暴,蓝血,颜
甘,垣,外绣
钭,颤,凤灵
厉,铁身,清炎
戎,延恶,行云
祖,士晋,颦
武,无招,艳
符,师,不平
刘,孱,媚颜
姜,老黑,清涟
詹,百川,舞仙
束,铸海,婴
龙,无极,雁
叶,翼,毒娘
幸,续,问晴
司,半邪,苑睐
韶,世倌,小小
郜,人龙,梦琪
黎,鬼神,之桃
蓟,秋,慕青
薄,岩,尔岚
印,半山,初夏
宿,连碧,沛菡
白,伯云,傲珊
怀,满天,曼文
蒲,傥,乐菱
台,奄,惜文
索,一江,香寒
咸,岱周,新柔
籍,老头,语蓉
赖,飞扬,海安
卓,乞,夜蓉
屠,箴,涵柏
蒙,十八,水桃
池,行恶,醉蓝
乔,剑通,语琴
阴,行恶,从彤
郁,剑通,傲晴
胥,致远,语兰
能,俊驰,又菱
苍,雨泽,碧彤
双,烨磊,元霜
闻,晟睿,怜梦
莘,天佑,紫寒
党,文昊,妙彤
翟,修洁,曼易
谭,黎昕,南莲
贡,远航,紫翠
劳,旭尧,雨寒
逄,鸿涛,易烟
姬,伟祺,如萱
申,荣轩,若南
扶,越泽,寻真
堵,浩宇,晓亦
冉,瑾瑜,向珊
宰,皓轩,慕灵
郦,擎苍,以蕊
雍,擎宇,映易
却,志泽,雪柳
璩,子轩,海云
桑,睿渊,凝天
桂,弘文,沛珊
濮,哲瀚,寒云
牛,雨泽,冰旋
寿,楷瑞,宛儿
通,建辉,
边,晋鹏,
扈,天磊,
燕,绍辉,
冀,泽洋,
郏,鑫磊,
浦,鹏煊,
尚,昊强,
农,伟宸,
温,博超,
别,君浩,
庄,子骞,
晏,鹏涛,
柴,炎彬,
瞿,鹤轩,
阎,越彬,
充,风华,
慕,靖琪,
连,明辉,
茹,伟诚,
习,明轩,
宦,健柏,
艾,修杰,
鱼,志泽,
容,弘文,
向,峻熙,
古,嘉懿,
易,煜城,
慎,懿轩,
戈,烨伟,
廖,苑博,
庚,伟泽,
终,熠彤,
暨,鸿煊,
居,博涛,
衡,烨霖,
步,烨华,
都,煜祺,
耿,智宸,
满,正豪,
弘,明杰,
匡,立诚,
国,立轩,
文,立辉,
寇,峻熙,
广,弘文,
东,熠彤,
殴,鸿煊,
殳,烨霖,
沃,鑫鹏,
利,天思,
蔚,聪展,
越,鹏笑,
夔,愚志,
隆,强炫,
师,明雪,
巩,松思,
厍,源智,
聂,渊思,
晁,晓啸,
勾,天宇,
敖,浩然,
融,文轩,
冷,鹭洋,
訾,振家,
辛,乐驹,
阚,晓博,
那,文博,
简,昊焱,
饶,立果,
空,金鑫,
曾,锦程,
毋,嘉熙,
沙,鹏飞,
乜,子默,
养,思远,
鞠,浩轩,
须,语堂,
丰,聪健,
巢,问旋,
关,白易,
蒯,问筠,
相,听白,
查,半雪,
后,山柳,
江,谷雪,
红,靖易,
游,代桃,
竺,冷之,
权,盼秋,
逯,秋寒,
盖,慕蕊,
益,海亦,
桓公,初晴,
万俟,盼旋,
司马,幼旋,
上官,尔蓝,
欧阳,沛山,
东方,代丝,
赫连,觅松,
皇甫,夜白,
尉迟,冷安,
公羊,灵竹,
东门,醉薇,
西门,幼南,
公孙,凡梦,
南宫,尔曼,
北堂,念波,
司徒,迎松,
司空,青寒,
百里,笑天,
,问安,
,雅阳,
,友绿,
,南松,
,诗云,
,飞风,
,寄灵,
,书芹,
,水云,
,访琴,
,谷波,
,笑白,
,妙海,
,孤风,
,从安,
,绮彤,
,之玉,
,雨珍,
,秋白,
,冰安,
,秋白,
,南风,
,醉山,
,初彤,
,凝海,
,映波,
,平文,
,青文,
,寻菡,
,沛白,
,平灵,
,芷烟,
,白易,
,尔阳,
,怜烟,
,谷槐,
,觅云,
